Cleaned Review Text,sentiment,document_id
youll wit brain fulli switch watch oppenheim could easili get away nonattent viewer intellig filmmak show audienc great respect fire dialogu pack inform relentless pace jump differ time oppenheim life continu hour runtim visual clue guid viewer time youll get grip quit quickli relentless help express urgenc u attack chase atom bomb germani could absolut career best perform consistenli brilliant cillian murphi anchor film nail oscar perform fact whole cast fantast apart mayb sometim overwrought emili blunt perform rdj also particularli brilliant return proper act decad call screenplay den layer id say thick bibl cinematographi quit stark spare part imbu rich luciou colour moment especi scene florenc pugh score beauti time mostli anxiou oppress ad relentless pace hour runtim fli found intens tax highli reward watch film make finest realli great watch,Positive,1
im big fan nolan work realli look forward understood would flip timelin id need concentr didnt find problem storytel beauti done act univers excel saw review say emili blunt rather ott didnt find think biggest gripe film may mean im get old found direct quit jar jump cut galor keep thing move along apac rather exhaust also found music sound loud point intrus much like nolan film goe interstellar love also loud music qualiti watch left long day call cerebr biopic littl tranquil,Neutral,2
im still collect thought experienc film cillian murphi might well start clear space mantl best actor oscar film masterclass weav narr differ time period explor profound depth man whose action alter world trajectori forev better wors nolan bring u complex oppenheim moral conflict stir within murphi portray rivet long runtim becam afterthought robert downey jr also offer great perform nolan push pull use sound design throughout cherri top viewer might need brief refresh wwii cold war histori film lover happi willingli lose film hour end,Neutral,3
oppenheim biograph thriller film written direct christoph nolan dark knight trilog incept interstellar dunkirk base biographi american prometheu kai bird martin j sherwin star cillian murphi lead role addit matt damon robert downey jr emili blunt florenc pugh subvert usual biopic formula creat brilliantli layer examin man throughout incred accomplish fundament flaw height second world war theoret physicist j robert oppenheim cillian murphi recruit unit state govern overse manhattan project top secret oper intend develop world first nuclear weapon becom acquaint project director major gener lesli grove matt damon oppenheim gener come agreement best place carri undertak vast desert lo alamo new mexico numer scientist famili brought discreet locat oppenheim work tirelessli around clock build weapon mass destruct nazi devi war rage person troubl mount oppenheim continu push utmost limit soon suffer consequ dedic august th atom bomb littl boy drop japanes citi hiroshima make first time nuclear weapon use act war drop bomb fat man nagasaki three day later essenti brought end world war ii began frighten new era known atom age day remain contenti topic discus among mani whether ethic ramif bomb justifi subsequ result one man peopl pin blame j robert oppenheim whose key role develop weapon led credit father atom bomb label carri heavi burden rest life christoph nolan biopic oppenheim treat intric structur uniqu tragic analysi complex man legaci still affect everyon sever decad later true christoph nolan fashion stori told convent biopic rather fragment nonsequenti seri highlight pertain titl subject life first introduc j robert oppenheim see incred intellig man whose sheer commit craft earn utmost respect mani peer even young student howev almost immedi film cut trial allegedli tie commun accus threaten complet derail posit reput bestow upon judici committe interrog hard hit question oppenheim haunt error judgement shown audienc flashback vari length pivot time life scene rang fractur relationship wife remors place trust wrong peopl give viewer first person perspect oppenheim mind must process intens period life contempl real possibl hard work mitig power govern offici hard imagin director tri convey much inform audienc fashion nolan manag work magic best way possibl alway strike perfect balanc showcas triumphant rise tragic fall imperfect man anoth notabl thing nolan direct resourc way handl certain import scene one moment wont speak much detail liter edg seat watch oppenheim rest scientist test prototyp bomb explos prove bigger last sinc nolan vocal dislik use cgi movi instead opt practic method show increas power bomb remind audienc nazi could well work weapon mass destruct real sen urgenc flow throughout scene give scientist reason work even faster beat enemi game bomb explod liken tick clock blast repres progress toward end goal perfect ultim weapon creativ use edit scene keep thing move brisk pace someth especi necessari consid film three hour runtim nolan previous exhibit similar method dunkirk utilis film score clever way show audienc time truli essenc nolan found clever way around take easi rout use cg effect tell stori keep viewer toe use good old fashion directori profici describ perform career cillian murphi bring everyth necessari role j robert oppenheim man complex cant imagin amount pressur play effect combin effort murphi act nolan direct help make oppenheim one fascin individu th centuri man view simpli face valu mani layer charact bear indepth explor movi like accomplish film paint oppenheim neither hero villain rather complic man whose human qualiti undermin rememb histori book murphi approach like shakespearian figur rife flaw haughti sen hubri end seal inevit fate one scene may admir remark talent field nuclear physic anoth might caus hate unfaith famili view simultan martyr scapegoat way help bring end deadliest global conflict histori consequ usher someth even wors rest film cast fantast job well standout matt damon robert downey jr emili blunt florenc pugh damon take major gener lesli grove simpli stock militari charact rather import figur seiz opportun use oppenheim talent advantag watch grove form unlik allianc physicist often question ramif theoret natur experi nuclear power groves ignor oppenheim extens scientif knowledg allow audienc learn along explain basic detail effect provid import third parti perspect oppenheim achiev also great see robert downey jr shine lewi strauss best postmcu role one best role gener strauss man view favour histori due role expo oppenheim tie commun hold grudg oppenheim practic consid true villain stori downey take everi opportun show strauss twofac natur bide time right moment strip oppenheim record book damag reput reportedli downey consid best role date definit seem like put everyth perform emili blunt florenc pugh also contribut significantli kitti oppenheim jean tatlock respect two woman repres someth signific oppenheim life kitti jean person want draw parallel oppenheim choos act instinct act intellect assist construct bomb remind audienc flaw human qualiti difficult give follow heart fate world rest pragmat decis make sometim choic biopic christoph nolan film oppenheim exce virtual expect becom one best field film abl tackl subject matter much detail also remain entertain whole way guess sometim take one brave risktak filmmak prove realli possibl task need film like inspir thought creativ discus comfort know someon like nolan help keep mainstream tough job someon got u rate perfect,Positive,4
anyon el find movi hate say bore know know piec histori dont get wrong good movi idk go theater expect someth nolanesqu never came kind disappoint super excit go theater leav like yeah good buuuuttt guess expect someth like incept interstellar fiction get base true stori think everyon watch movi eye open wont ever endur pain hour movi experi one done movi respect oppenheim extrem good act boatload good actor also want say noth imax movi could go regular theater fine also emili blunt end scene amaz would go far say bore christoph nolan movi good movi let leav still give movi,Positive,5
align review found despit hype surround oppenheim fell short expect film prove tediou mani time drain watch like cinematographi beauti scene overwhelmingli loud background score drown dialogu made hard comprehend go movi also sever disjoint scene transit opinion lack charact develop loud background music ad confus make hard follow plot coher overal disappoint experi fail live hype,Neutral,6
busi career fill masterpiec christoph nolan final succeed creat perfect film fact oppenheim might best film watch long long time differ nolan recent film especi scifi one show nolan master biopicdrama genr well genr tri tackl yet person must admit unlik nolan previou film didnt go one overli high expect base genr materi film base couldnt see christoph nolan could give uniqu touch could stand alongsid film like dark knight trilog incept interstellar filmographi film prove wrong person top pick nolan filmographi undoubtedli best film far anyon read book american prometheu film base attest incred edit work nolan turn long detailpack narr compact film captiv wide audienc direct film le master consid strongest aspect film critic award bodi u worldwid opinion write actual strongest aspect film whether consid complex materi base legendari irish actor cillian murphi lead film one best perform seen big screen presenc domin screen time throughout film hour allow leav longlast mark histori cinema robert downey jr also give impress perform cap career decad role didnt demand much act prowess film hour long yet goe quickli enjoy without spoil anyth film present import relev subject nonstop entertain comprehens charact studi studi societi high pace way nolan chose compos film jennif lame amaz edit unusu resembl action film edit drama make film dynam extend length almost unnotic technic aspect also strive perfect whether costum set design cinematographi ludwig göransson work music aspect film particular master par nolan previou work im actual visit score daili basi cinematographi stun edit cut edg mention movi masterpiec pretti much technic front well watch film cant help feel collabor effort highli talent ensembl actor everi singl person respons everi small detail film product guidanc experienc artist hone craft career year feel like nolan previou film variou genr attempt tackl improv filmmak abil differ diver aspect ultim everyth converg film everi aspect strive absolut perfect deliv everyth weve come expect christoph nolan film without mention anyth specif one scene caus almost everi singl person theatr move nervous seat nonstop long period time one intens scene ever watch movi remind true power cinemat experi like movi recent year career fill masterpiec amaz film christoph nolan final manag craft perfect film great delight final receiv recognit deserv despit odd film manag captiv audienc disproportion amount genr prove studio audienc opinion alik true cinema alway prevail year halfway right top pick upcom award season pictur write direct act score oppenheim winner front rare feat filmmak salient remind cinema dead highli recommend film everyon watch alreadi go back theatr least time soon,Positive,7
may consid lucki aliv watch christoph nolan work get better year oppenheim doubt go one best movi histori amaz cinematographi except act terrifi soundtrack cast great cilian murphi go oscar role rupert downey jr emili blunt final ramus malik small scene never forget didnt watch imax couldnt wait ran nearest cinema sure book imax ticket dont wast time book ticket go watch,Neutral,8
movi wow dont think ever felt like watch movi like blend sad also scare read christoph nolan said kind theme horror watch movi think knew meant movi make feel quit like one nolan show expertli craftsman filmmak stand perhap one humbl movi also one greatest remind earlier movi cast also amaz cillian murphi deliv perform carrer oppenheim esenti becom pretti much secur oscar nomin best lead actor robert downey junior also give one best perform remind u despit year iron man still act soundtrack sound edit also masterful creat cinemat experi like overal esenti view experi histor event still remain relev day one favorit nolan movi,Neutral,9
must overr film year like everi typic american biograph movi glorifi subject accord nolan oppenheim import person ever live realli movi contain least hour uninterest courtroom drama far mani charact singl compel dialogu moral impact bomb continu music propel film result zero emot impact need excel act though occasion nice directori effect ridicul moment film sex oppenheim florenc pugh charact randomli select sentenc book sanskrit happen infam becom death destroy world quot,Neutral,10
vfx special effect take tradit filmmak method nolan among remain director still build grandios truetolif set reflect cinemat setpiec film instead digitis oppenheim thu culmin nolan cinemat geniu combin incred stori chang world way one incred intim divis onu justif put audienc instead narrat cast incred would expect screenplay flow natur breathtak score justifi draw parallel han zimmer profound work interstellar nolan balanc intimaci charact simultan juxtapos impact scene ever shown big screen movi runtim take time set piec final leav utterli spellbound sheer magnitud scale event transpir right front eye lastli want daili dosag immedi dopamin faster pace theatr instead experienc meticul guid journey could wait month yet anoth copi past fast furiou flick marvel movi laden green backdrop fanservic isnt film flick cinema,Neutral,11
stori present realli well eye oppenheim movi feel like flashback scene though look realli cool doesnt actual feel like someth would watch classic nolan style timelin run simultan atom bomb drop present feel like could handl better especi second half movi two main event movi bomb explos last act felt underwhelm actual bomb explos scene everyon wait intent underwhelm beyond belief nolan use cgi look like explos mani charact substori felt like someon compress entir tv seri hour long movi movi critic give good score owe incred style present audienc pure entertain point view,Positive,12
came theater watch oppenheim great experi know mani peopl critic movi histor accuraci absenc think christoph nolan made complic man stori compel engag simpl understand actor phenomen apart main lead robert downey probabl done one finest work express time deliveri everyth par cinematographi craft beauti ador enjoy whole three hour ea delight first attempt christoph nolan biographi think expect work genr sinc entertain also spark interest know histori read book earlier went watch littl bit knowledg still enjoy film wish could tell cillian murphi person stun screen presenc throughout hope movi win award like deserv,Neutral,13
movi interest thrill sinc movi action mostli documentari hour long though go bore hour went fast edg seat whole time movi like movi ever seen uniqu mind blow cinematographi beauti aesthet movi also beauti anyon interest histori war bomb would love movi think anyon would enjoy movi oppenheim one best movi seen decad,Neutral,14
nolan back deliv fast pace thrill biopic leav stunnedth cinematographi sound design score except everi act perform perfect cillian murphi robert downey jr stand nolan experi new style surrealist subject filmmak incred see season writer director he push envelop oppenheim challeng audienc like never nolan charact studi merg themat reson stori breathtak soundscap epic visual imax experi one must need stay focus film move quickli sharp snappi dialogu,Neutral,15
core oppenheim technic masterpiec haunt score ludwig göransson one film profound highlight score act charact build arc throughout film peak arguabl best moment bomb drop pair aggress bold sound design transport screen sound aspect make film truli remark fault incred act monument cast oppenheim murphi play oppenheim way enabl audienc feel graviti situat histor repercuss follow howev robert downey jr play lewi strauss arguabl best oppenheim cast bring downey jr perfectli portray slow spiral eventu downfal charact film shine shift psycholog element focus oppenheim impact action effect person scene small theatr give speech success bomb easili one film haunt gutwrench moment wish moment like film follow psycholog approach close engag level would higher make run time feel consider shorter howev third act portray oppenheim polit scapegoat done well see actor shine howev oppenheim flaw nonlinear timelin use abundantli nolan sometim struggl fastpac switch overload charact interview heavi dialogu constant time chang time make difficult follow polit aspect stori engag level first last act low make stori feel dull sluggish state script studi immens impact event oppenheim famili psycholog level would help meander polit stori flow smoothli ye threehour run time could definit cut least min summaris oppenheim technic masterpiec sound design soundtrack cinematographi act peak game portray polit impact creation atom bomb america world howev pace issu extend run time heavi polit agenda steer u away effect oppenheim provid problem otherwis strong film,Neutral,16
mayb expect slightli charact studi oppenheim tribul career polit rather truli scienc product bomb hope see nitti gritti bomb develop mayb footag use japan realli reinforc human toll destruct immens power weapon creat final act instead dramat closeup opp troubl face feel need visual war establish emot felt exceedingli anticlimact realli movi small backroom kangaroo court prosecut flatli bore soo unnecessarili long anoth review said could listen audio movi would virtual experi noth visual interest excit,Neutral,17
yeah got lost time movi continu switch time period difficult time understand dialogu loud soundtrack felt hour long excel act kept interest robert downi jr amaz sex scene complet unnecessari ad noth stori day wasnt graphic present like guess writer need smut keep time would never watch movi movi go theater see usual end watch later movi wont,Neutral,18
cillian murphi except lead role oscar worthyil say he abli support terrif ensembl cast great see jame remar film pose mani moralist question bomb repercuss oppenheim film work best especi never seen moment drop japan sound nightmarish look peopl face horrif howev hr tediou talki frankli rather bore sound good visual didnt need made imax better tenet nice see mum dad,Positive,19
youll wit brain fulli switch watch oppenheim could easili get away nonattent viewer intellig filmmak show audienc great respect fire dialogu pack inform relentless pace jump differ time oppenheim life continu hour runtim visual clue guid viewer time youll get grip quit quickli relentless help express urgenc u attack chase atom bomb germani could absolut career best perform consistenli brilliant cillian murphi anchor film nail oscar perform fact whole cast fantast apart mayb sometim overwrought emili blunt perform rdj also particularli brilliant return proper act decad call screenplay den layer id say thick bibl cinematographi quit stark spare part imbu rich luciou colour moment especi scene florenc pugh score beauti time mostli anxiou oppress ad relentless pace hour runtim fli found intens tax highli reward watch film make finest realli great watch,Positive,20
im big fan nolan work realli look forward understood would flip timelin id need concentr didnt find problem storytel beauti done act univers excel saw review say emili blunt rather ott didnt find think biggest gripe film may mean im get old found direct quit jar jump cut galor keep thing move along apac rather exhaust also found music sound loud point intrus much like nolan film goe interstellar love also loud music qualiti watch left long day call cerebr biopic littl tranquil,Neutral,21
im still collect thought experienc film cillian murphi might well start clear space mantl best actor oscar film masterclass weav narr differ time period explor profound depth man whose action alter world trajectori forev better wors nolan bring u complex oppenheim moral conflict stir within murphi portray rivet long runtim becam afterthought robert downey jr also offer great perform nolan push pull use sound design throughout cherri top viewer might need brief refresh wwii cold war histori film lover happi willingli lose film hour end,Neutral,22
oppenheim biograph thriller film written direct christoph nolan dark knight trilog incept interstellar dunkirk base biographi american prometheu kai bird martin j sherwin star cillian murphi lead role addit matt damon robert downey jr emili blunt florenc pugh subvert usual biopic formula creat brilliantli layer examin man throughout incred accomplish fundament flaw height second world war theoret physicist j robert oppenheim cillian murphi recruit unit state govern overse manhattan project top secret oper intend develop world first nuclear weapon becom acquaint project director major gener lesli grove matt damon oppenheim gener come agreement best place carri undertak vast desert lo alamo new mexico numer scientist famili brought discreet locat oppenheim work tirelessli around clock build weapon mass destruct nazi devi war rage person troubl mount oppenheim continu push utmost limit soon suffer consequ dedic august th atom bomb littl boy drop japanes citi hiroshima make first time nuclear weapon use act war drop bomb fat man nagasaki three day later essenti brought end world war ii began frighten new era known atom age day remain contenti topic discus among mani whether ethic ramif bomb justifi subsequ result one man peopl pin blame j robert oppenheim whose key role develop weapon led credit father atom bomb label carri heavi burden rest life christoph nolan biopic oppenheim treat intric structur uniqu tragic analysi complex man legaci still affect everyon sever decad later true christoph nolan fashion stori told convent biopic rather fragment nonsequenti seri highlight pertain titl subject life first introduc j robert oppenheim see incred intellig man whose sheer commit craft earn utmost respect mani peer even young student howev almost immedi film cut trial allegedli tie commun accus threaten complet derail posit reput bestow upon judici committe interrog hard hit question oppenheim haunt error judgement shown audienc flashback vari length pivot time life scene rang fractur relationship wife remors place trust wrong peopl give viewer first person perspect oppenheim mind must process intens period life contempl real possibl hard work mitig power govern offici hard imagin director tri convey much inform audienc fashion nolan manag work magic best way possibl alway strike perfect balanc showcas triumphant rise tragic fall imperfect man anoth notabl thing nolan direct resourc way handl certain import scene one moment wont speak much detail liter edg seat watch oppenheim rest scientist test prototyp bomb explos prove bigger last sinc nolan vocal dislik use cgi movi instead opt practic method show increas power bomb remind audienc nazi could well work weapon mass destruct real sen urgenc flow throughout scene give scientist reason work even faster beat enemi game bomb explod liken tick clock blast repres progress toward end goal perfect ultim weapon creativ use edit scene keep thing move brisk pace someth especi necessari consid film three hour runtim nolan previous exhibit similar method dunkirk utilis film score clever way show audienc time truli essenc nolan found clever way around take easi rout use cg effect tell stori keep viewer toe use good old fashion directori profici describ perform career cillian murphi bring everyth necessari role j robert oppenheim man complex cant imagin amount pressur play effect combin effort murphi act nolan direct help make oppenheim one fascin individu th centuri man view simpli face valu mani layer charact bear indepth explor movi like accomplish film paint oppenheim neither hero villain rather complic man whose human qualiti undermin rememb histori book murphi approach like shakespearian figur rife flaw haughti sen hubri end seal inevit fate one scene may admir remark talent field nuclear physic anoth might caus hate unfaith famili view simultan martyr scapegoat way help bring end deadliest global conflict histori consequ usher someth even wors rest film cast fantast job well standout matt damon robert downey jr emili blunt florenc pugh damon take major gener lesli grove simpli stock militari charact rather import figur seiz opportun use oppenheim talent advantag watch grove form unlik allianc physicist often question ramif theoret natur experi nuclear power groves ignor oppenheim extens scientif knowledg allow audienc learn along explain basic detail effect provid import third parti perspect oppenheim achiev also great see robert downey jr shine lewi strauss best postmcu role one best role gener strauss man view favour histori due role expo oppenheim tie commun hold grudg oppenheim practic consid true villain stori downey take everi opportun show strauss twofac natur bide time right moment strip oppenheim record book damag reput reportedli downey consid best role date definit seem like put everyth perform emili blunt florenc pugh also contribut significantli kitti oppenheim jean tatlock respect two woman repres someth signific oppenheim life kitti jean person want draw parallel oppenheim choos act instinct act intellect assist construct bomb remind audienc flaw human qualiti difficult give follow heart fate world rest pragmat decis make sometim choic biopic christoph nolan film oppenheim exce virtual expect becom one best field film abl tackl subject matter much detail also remain entertain whole way guess sometim take one brave risktak filmmak prove realli possibl task need film like inspir thought creativ discus comfort know someon like nolan help keep mainstream tough job someon got u rate perfect,Positive,23
anyon el find movi hate say bore know know piec histori dont get wrong good movi idk go theater expect someth nolanesqu never came kind disappoint super excit go theater leav like yeah good buuuuttt guess expect someth like incept interstellar fiction get base true stori think everyon watch movi eye open wont ever endur pain hour movi experi one done movi respect oppenheim extrem good act boatload good actor also want say noth imax movi could go regular theater fine also emili blunt end scene amaz would go far say bore christoph nolan movi good movi let leav still give movi,Positive,24
align review found despit hype surround oppenheim fell short expect film prove tediou mani time drain watch like cinematographi beauti scene overwhelmingli loud background score drown dialogu made hard comprehend go movi also sever disjoint scene transit opinion lack charact develop loud background music ad confus make hard follow plot coher overal disappoint experi fail live hype,Neutral,25
busi career fill masterpiec christoph nolan final succeed creat perfect film fact oppenheim might best film watch long long time differ nolan recent film especi scifi one show nolan master biopicdrama genr well genr tri tackl yet person must admit unlik nolan previou film didnt go one overli high expect base genr materi film base couldnt see christoph nolan could give uniqu touch could stand alongsid film like dark knight trilog incept interstellar filmographi film prove wrong person top pick nolan filmographi undoubtedli best film far anyon read book american prometheu film base attest incred edit work nolan turn long detailpack narr compact film captiv wide audienc direct film le master consid strongest aspect film critic award bodi u worldwid opinion write actual strongest aspect film whether consid complex materi base legendari irish actor cillian murphi lead film one best perform seen big screen presenc domin screen time throughout film hour allow leav longlast mark histori cinema robert downey jr also give impress perform cap career decad role didnt demand much act prowess film hour long yet goe quickli enjoy without spoil anyth film present import relev subject nonstop entertain comprehens charact studi studi societi high pace way nolan chose compos film jennif lame amaz edit unusu resembl action film edit drama make film dynam extend length almost unnotic technic aspect also strive perfect whether costum set design cinematographi ludwig göransson work music aspect film particular master par nolan previou work im actual visit score daili basi cinematographi stun edit cut edg mention movi masterpiec pretti much technic front well watch film cant help feel collabor effort highli talent ensembl actor everi singl person respons everi small detail film product guidanc experienc artist hone craft career year feel like nolan previou film variou genr attempt tackl improv filmmak abil differ diver aspect ultim everyth converg film everi aspect strive absolut perfect deliv everyth weve come expect christoph nolan film without mention anyth specif one scene caus almost everi singl person theatr move nervous seat nonstop long period time one intens scene ever watch movi remind true power cinemat experi like movi recent year career fill masterpiec amaz film christoph nolan final manag craft perfect film great delight final receiv recognit deserv despit odd film manag captiv audienc disproportion amount genr prove studio audienc opinion alik true cinema alway prevail year halfway right top pick upcom award season pictur write direct act score oppenheim winner front rare feat filmmak salient remind cinema dead highli recommend film everyon watch alreadi go back theatr least time soon,Positive,26
may consid lucki aliv watch christoph nolan work get better year oppenheim doubt go one best movi histori amaz cinematographi except act terrifi soundtrack cast great cilian murphi go oscar role rupert downey jr emili blunt final ramus malik small scene never forget didnt watch imax couldnt wait ran nearest cinema sure book imax ticket dont wast time book ticket go watch,Neutral,27
movi wow dont think ever felt like watch movi like blend sad also scare read christoph nolan said kind theme horror watch movi think knew meant movi make feel quit like one nolan show expertli craftsman filmmak stand perhap one humbl movi also one greatest remind earlier movi cast also amaz cillian murphi deliv perform carrer oppenheim esenti becom pretti much secur oscar nomin best lead actor robert downey junior also give one best perform remind u despit year iron man still act soundtrack sound edit also masterful creat cinemat experi like overal esenti view experi histor event still remain relev day one favorit nolan movi,Neutral,28
must overr film year like everi typic american biograph movi glorifi subject accord nolan oppenheim import person ever live realli movi contain least hour uninterest courtroom drama far mani charact singl compel dialogu moral impact bomb continu music propel film result zero emot impact need excel act though occasion nice directori effect ridicul moment film sex oppenheim florenc pugh charact randomli select sentenc book sanskrit happen infam becom death destroy world quot,Neutral,29
vfx special effect take tradit filmmak method nolan among remain director still build grandios truetolif set reflect cinemat setpiec film instead digitis oppenheim thu culmin nolan cinemat geniu combin incred stori chang world way one incred intim divis onu justif put audienc instead narrat cast incred would expect screenplay flow natur breathtak score justifi draw parallel han zimmer profound work interstellar nolan balanc intimaci charact simultan juxtapos impact scene ever shown big screen movi runtim take time set piec final leav utterli spellbound sheer magnitud scale event transpir right front eye lastli want daili dosag immedi dopamin faster pace theatr instead experienc meticul guid journey could wait month yet anoth copi past fast furiou flick marvel movi laden green backdrop fanservic isnt film flick cinema,Neutral,30
stori present realli well eye oppenheim movi feel like flashback scene though look realli cool doesnt actual feel like someth would watch classic nolan style timelin run simultan atom bomb drop present feel like could handl better especi second half movi two main event movi bomb explos last act felt underwhelm actual bomb explos scene everyon wait intent underwhelm beyond belief nolan use cgi look like explos mani charact substori felt like someon compress entir tv seri hour long movi movi critic give good score owe incred style present audienc pure entertain point view,Positive,31
came theater watch oppenheim great experi know mani peopl critic movi histor accuraci absenc think christoph nolan made complic man stori compel engag simpl understand actor phenomen apart main lead robert downey probabl done one finest work express time deliveri everyth par cinematographi craft beauti ador enjoy whole three hour ea delight first attempt christoph nolan biographi think expect work genr sinc entertain also spark interest know histori read book earlier went watch littl bit knowledg still enjoy film wish could tell cillian murphi person stun screen presenc throughout hope movi win award like deserv,Neutral,32
movi interest thrill sinc movi action mostli documentari hour long though go bore hour went fast edg seat whole time movi like movi ever seen uniqu mind blow cinematographi beauti aesthet movi also beauti anyon interest histori war bomb would love movi think anyon would enjoy movi oppenheim one best movi seen decad,Neutral,33
nolan back deliv fast pace thrill biopic leav stunnedth cinematographi sound design score except everi act perform perfect cillian murphi robert downey jr stand nolan experi new style surrealist subject filmmak incred see season writer director he push envelop oppenheim challeng audienc like never nolan charact studi merg themat reson stori breathtak soundscap epic visual imax experi one must need stay focus film move quickli sharp snappi dialogu,Neutral,34
core oppenheim technic masterpiec haunt score ludwig göransson one film profound highlight score act charact build arc throughout film peak arguabl best moment bomb drop pair aggress bold sound design transport screen sound aspect make film truli remark fault incred act monument cast oppenheim murphi play oppenheim way enabl audienc feel graviti situat histor repercuss follow howev robert downey jr play lewi strauss arguabl best oppenheim cast bring downey jr perfectli portray slow spiral eventu downfal charact film shine shift psycholog element focus oppenheim impact action effect person scene small theatr give speech success bomb easili one film haunt gutwrench moment wish moment like film follow psycholog approach close engag level would higher make run time feel consider shorter howev third act portray oppenheim polit scapegoat done well see actor shine howev oppenheim flaw nonlinear timelin use abundantli nolan sometim struggl fastpac switch overload charact interview heavi dialogu constant time chang time make difficult follow polit aspect stori engag level first last act low make stori feel dull sluggish state script studi immens impact event oppenheim famili psycholog level would help meander polit stori flow smoothli ye threehour run time could definit cut least min summaris oppenheim technic masterpiec sound design soundtrack cinematographi act peak game portray polit impact creation atom bomb america world howev pace issu extend run time heavi polit agenda steer u away effect oppenheim provid problem otherwis strong film,Neutral,35
mayb expect slightli charact studi oppenheim tribul career polit rather truli scienc product bomb hope see nitti gritti bomb develop mayb footag use japan realli reinforc human toll destruct immens power weapon creat final act instead dramat closeup opp troubl face feel need visual war establish emot felt exceedingli anticlimact realli movi small backroom kangaroo court prosecut flatli bore soo unnecessarili long anoth review said could listen audio movi would virtual experi noth visual interest excit,Neutral,36
yeah got lost time movi continu switch time period difficult time understand dialogu loud soundtrack felt hour long excel act kept interest robert downi jr amaz sex scene complet unnecessari ad noth stori day wasnt graphic present like guess writer need smut keep time would never watch movi movi go theater see usual end watch later movi wont,Neutral,37
cillian murphi except lead role oscar worthyil say he abli support terrif ensembl cast great see jame remar film pose mani moralist question bomb repercuss oppenheim film work best especi never seen moment drop japan sound nightmarish look peopl face horrif howev hr tediou talki frankli rather bore sound good visual didnt need made imax better tenet nice see mum dad,Positive,38
christoph nolan stamp foot print cinema histori time great film he made build block lead conduct masterpiec oppenheim nolan finest work murphi deliv sublim perform reach threshold actor ever next year oscar statu put escrow cillian nolan three hour plutonium den geniusofphys magnum opu atom bomb spielberg shark beach seem christoph nolan turn tour de forc vapor competit fact scorses killer flower moon may threat rival best pictur howev may toughest act follow sinc einstein theori rel,Neutral,39
authent audiovisu journey era birth atom genesi terrifi astonish nonlinear storytel thank christoph nolan master approach direct screenplay pace movi simpli brilliant especi moment main theme ludwig göransson kick futur classic leav indiffer immers homer biographi notori scientist j robert oppenheim definit artist contribut histori art audiovisu medium depict extraordinarili import event human present day,Positive,40
master craftsman christoph nolan probabl best blockbust director along ridley scott return good old fashion nocgi drama tension come word spoken peopl react chase shootout death defi stunt explos wait actual one explos dont know made scene without cgi technic achiev sure shot mm imax beauti film lead cast season actor terrif job gripe tad long final act couldshould trim still best movi seen year strongli recommend watch imax screen taken month,Positive,41
neat biopic life stori complex robert oppenheim origin back forth filmmak style though still like interstellar better think christoph nolan best work date cast great even short screen time import charact show play huge star casey affleck gari oldman score good enough even though still think han zimmer one major key nolan movi good batman incept interstellar etc end power like nolan dark knight incept interstellar highlight movi,Positive,42
film look great brilliantli act there virtual actual plot constantli jump back forward evey coupl minut there unfeas loud music tri build tension jazz documentari film pain three hour long hold attent entr way could easili forti minut hour le playtim good bit great whole film dull drag ive seen absolut desir ever see im baffl everyon say masterpiec suppos like long panoram shot overbear music great want decent stori give miss,Positive,43
christoph nolan movi would even notic hard understand also movi would need seen imax theatr probabl mainli subject matter felt bore predict void intric storytel uniqu come like nolan movi one get impress movi get attent histori maker merit perform hype definit done one decent act especi downey jr damon,Positive,44
overambitieu movi mani stori tell manag tell stori realli well truli dont understand high rate bore death last hour whole overextend communist drama also littl charact build instead viewer thrown scene scene first nineti minut movi doesnt allow draw along scene surfac level make mani scene shallow felt like sit church littl boy want leav couldnt feel mental rape,Neutral,45
nolan best film biograph style hope someth like nolan incept rememb decad said great physicist use film work precis serious particl direct object cgi special effect use movi said excit peopl anyway year movi go better doubt im realli look forward would great becam best film year best director nomine nolan amaz love much,Neutral,46
got oppenheim start worri oppenheim seen trailer everi time gone cinema usual happen movi aw tank christoph nolan done mission imposs dead reckon may second favourit movi year ill need see make surw cillian murphi brilliant realli made feel oppenheim isnt realli likeabl lead charact charact sure best actor oscar nomin immin robert downey jr amaz deliv best support actor nomin perform admittedli im bias alway fan fan bia take eye screen play particularli likeabl man matt damon jason clark alden ehrenreich emili blunt florenc pugh josh harnett great toni goldwyn kenneth branagh kid play green goblin andrew garfield spiderman movi name annoyingli escap ramus malek great dont much screen time realli enjoy score first time nolan movi problem hear dialogu realli wont everyon dialogu heavi slow burn feel hr run time lot peopl run toilet need seen defo didnt take everyth remind oliv stone jfk love,Positive,47
immedi taken cillian murphi entranc oppenheim serious proceed christoph nolan alreadi proven director age actor bend backward work even small one scene part matthew modin casey affleck remi malek instanc cillian murphi envelop entir journey kind truth make whole thing utterli compel ive love cillian murphi sinc miracul breakfast pluto extraordinari extraordinari visual film marvel without ever fall effectsfest superb,Neutral,48
movi experi direct cinematographi music take away perform main actor oscar worthi movi defi expect cillian murphi definit oscar number contend understand may everi person cup tea peopl serious go movi expect fun time tho movi speak probabl world biggest catastroph ever convers heavi bear world live choic human govern make everi day cant wait see barbi next,Neutral,49
cinemat geniu christoph nolan undoubtedli one finest star film industri uniqu talent boundless creativ craft new cinemat icon oppenheim undoubtedli immort world cinema stand among greatest work ever seen realm cinema nolan deliv icon masterpiec nolan present except cinemat work skill blend breathtak narr innov techniqu doesnt settl mere produc film instead creat artist creation touch heart dazzl mind immers u realiti open new gateway imagin magnific work send messag world cinema entertain form artist express medium convey idea emot mesmer innov manner master direct inspir screenplay inspir million deepli impact without doubt nolan creation remain timeless magnific work continu influenc futur gener thousand year hasnt made film built artist legaci never forgotten achiev perfect balanc entertain artist excel forev cinema rememb geniu transform movi stage beauti artist express captiv enchant u uniqu charm hat prodigi christoph nolan remain symbol creativ distinct world cinema thousand year come appli oppenheim film reflect christoph art work,Neutral,50
god absolut mess peopl say need pay attent brain fulli switch doesnt make intellig film make overcompl nightmar nolan movi gone far downhil sinc dunkirk mess timelin need entireti everi film work well major incept climax dark knight part interstellar nolan desper need write partner tell film wouldv much stronger le minut chatter bomb test minut le test absolut love long bore movi im freak malick reichardt wouldv left wasnt friend nolan difficult time direct anyth slightli comfort zone scene florenc pugh chair interview overdramt yell emili blunt bite fist cring amount quick cut dramat music abl convinc entertain,Neutral,51
nolan made tell stori complic possibl could way made stori mccarthi inquisit told stori manhattan project via sequenc flashback overdramatis moment actor express pithi clich turn stori biggest appli rd project histori develop appli atom scienc individu cult person bureaucrat conspiraci stori tune struggl believ found sort broad audienc nice suit great light overbear music long tedious implaus dramatis tell signific histori,Neutral,52
first dialogu actual audibl quit clear happi mend comparison nolan last outing tenet secondli captiv stori told even captiv way act perhap best year far oscar nomin galor saw digit imax screen pristin filmi sound cinematographi score stand out thing film would even better mini seri run time intens dialogu intrigu quit drain viewer dutchman notic oppenheim speak dutch film sound like irishman tri speak german half point deduct nolan best like bellow smoke nuclear explos let go jame bond next nolan,Neutral,53
oppenheim christoph nolan film delv deep consequ atom bomb focus oppenheim perspect film requir genuin passion physic histori fulli appreci subtleti biograph content imageri variou explos accompani care orchestr music sound effect creat intens visual auditori experi time even evok feel tension stress enhanc viewer immers stori perform actor remark especi cillian murphi brilliant portray oppenheim captiv nuanc interpret bring complex charact life matt damon role gener grove deliv solid convinc presenc film skill explor differ tempor tone offer nonlinear narr add addit depth stori smooth transit color blackandwhit sequenc add artist symbol dimens overal experi aesthet choic enhanc emot impact narr clearli distinguish differ era event worth note fulli appreci film prior interest histori atom bomb well oppenheim life work necessari durat three hour film may seem lengthi invest specif subject stori divid three distinct part first two close interconnect first part focus oppenheim train physicist highlight interact heisenberg emin scientist time second part center around creation atom bomb test conduct lo alamo scientif challeng face team final part film focus oppenheim hear certain highrank offici enviou accomplish attempt discredit present spi work soviet overal oppenheim film delv deep histori atom bomb offer remark perform impress visual complex storytel immers cinemat experi reveal moral scientif histor aspect pivot event histori special mention goe fantast gari oldman complet unrecogniz role presid truman,Positive,54
wait year seven month final watch oppenheim total worth everi second anticip cinematographi oppenheim visual masterpiec frame meticul craft immers audienc world stori way scene shot use light color contribut film captiv atmospher chronolog timelin movi true work art nolan seamless transit differ period histori keep narr engag also provid deeper understand charact histor event surround brilliant storytel techniqu keep hook start finish,Positive,55
youll wit brain fulli switch watch oppenheim could easili get away nonattent viewer intellig filmmak show audienc great respect fire dialogu pack inform relentless pace jump differ time oppenheim life continu hour runtim visual clue guid viewer time youll get grip quit quickli relentless help express urgenc u attack chase atom bomb germani could absolut career best perform consistenli brilliant cillian murphi anchor film nail oscar perform fact whole cast fantast apart mayb sometim overwrought emili blunt perform rdj also particularli brilliant return proper act decad call screenplay den layer id say thick bibl cinematographi quit stark spare part imbu rich luciou colour moment especi scene florenc pugh score beauti time mostli anxiou oppress ad relentless pace hour runtim fli found intens tax highli reward watch film make finest realli great watch,Positive,56
im big fan nolan work realli look forward understood would flip timelin id need concentr didnt find problem storytel beauti done act univers excel saw review say emili blunt rather ott didnt find think biggest gripe film may mean im get old found direct quit jar jump cut galor keep thing move along apac rather exhaust also found music sound loud point intrus much like nolan film goe interstellar love also loud music qualiti watch left long day call cerebr biopic littl tranquil,Neutral,57
im still collect thought experienc film cillian murphi might well start clear space mantl best actor oscar film masterclass weav narr differ time period explor profound depth man whose action alter world trajectori forev better wors nolan bring u complex oppenheim moral conflict stir within murphi portray rivet long runtim becam afterthought robert downey jr also offer great perform nolan push pull use sound design throughout cherri top viewer might need brief refresh wwii cold war histori film lover happi willingli lose film hour end,Neutral,58
oppenheim biograph thriller film written direct christoph nolan dark knight trilog incept interstellar dunkirk base biographi american prometheu kai bird martin j sherwin star cillian murphi lead role addit matt damon robert downey jr emili blunt florenc pugh subvert usual biopic formula creat brilliantli layer examin man throughout incred accomplish fundament flaw height second world war theoret physicist j robert oppenheim cillian murphi recruit unit state govern overse manhattan project top secret oper intend develop world first nuclear weapon becom acquaint project director major gener lesli grove matt damon oppenheim gener come agreement best place carri undertak vast desert lo alamo new mexico numer scientist famili brought discreet locat oppenheim work tirelessli around clock build weapon mass destruct nazi devi war rage person troubl mount oppenheim continu push utmost limit soon suffer consequ dedic august th atom bomb littl boy drop japanes citi hiroshima make first time nuclear weapon use act war drop bomb fat man nagasaki three day later essenti brought end world war ii began frighten new era known atom age day remain contenti topic discus among mani whether ethic ramif bomb justifi subsequ result one man peopl pin blame j robert oppenheim whose key role develop weapon led credit father atom bomb label carri heavi burden rest life christoph nolan biopic oppenheim treat intric structur uniqu tragic analysi complex man legaci still affect everyon sever decad later true christoph nolan fashion stori told convent biopic rather fragment nonsequenti seri highlight pertain titl subject life first introduc j robert oppenheim see incred intellig man whose sheer commit craft earn utmost respect mani peer even young student howev almost immedi film cut trial allegedli tie commun accus threaten complet derail posit reput bestow upon judici committe interrog hard hit question oppenheim haunt error judgement shown audienc flashback vari length pivot time life scene rang fractur relationship wife remors place trust wrong peopl give viewer first person perspect oppenheim mind must process intens period life contempl real possibl hard work mitig power govern offici hard imagin director tri convey much inform audienc fashion nolan manag work magic best way possibl alway strike perfect balanc showcas triumphant rise tragic fall imperfect man anoth notabl thing nolan direct resourc way handl certain import scene one moment wont speak much detail liter edg seat watch oppenheim rest scientist test prototyp bomb explos prove bigger last sinc nolan vocal dislik use cgi movi instead opt practic method show increas power bomb remind audienc nazi could well work weapon mass destruct real sen urgenc flow throughout scene give scientist reason work even faster beat enemi game bomb explod liken tick clock blast repres progress toward end goal perfect ultim weapon creativ use edit scene keep thing move brisk pace someth especi necessari consid film three hour runtim nolan previous exhibit similar method dunkirk utilis film score clever way show audienc time truli essenc nolan found clever way around take easi rout use cg effect tell stori keep viewer toe use good old fashion directori profici describ perform career cillian murphi bring everyth necessari role j robert oppenheim man complex cant imagin amount pressur play effect combin effort murphi act nolan direct help make oppenheim one fascin individu th centuri man view simpli face valu mani layer charact bear indepth explor movi like accomplish film paint oppenheim neither hero villain rather complic man whose human qualiti undermin rememb histori book murphi approach like shakespearian figur rife flaw haughti sen hubri end seal inevit fate one scene may admir remark talent field nuclear physic anoth might caus hate unfaith famili view simultan martyr scapegoat way help bring end deadliest global conflict histori consequ usher someth even wors rest film cast fantast job well standout matt damon robert downey jr emili blunt florenc pugh damon take major gener lesli grove simpli stock militari charact rather import figur seiz opportun use oppenheim talent advantag watch grove form unlik allianc physicist often question ramif theoret natur experi nuclear power groves ignor oppenheim extens scientif knowledg allow audienc learn along explain basic detail effect provid import third parti perspect oppenheim achiev also great see robert downey jr shine lewi strauss best postmcu role one best role gener strauss man view favour histori due role expo oppenheim tie commun hold grudg oppenheim practic consid true villain stori downey take everi opportun show strauss twofac natur bide time right moment strip oppenheim record book damag reput reportedli downey consid best role date definit seem like put everyth perform emili blunt florenc pugh also contribut significantli kitti oppenheim jean tatlock respect two woman repres someth signific oppenheim life kitti jean person want draw parallel oppenheim choos act instinct act intellect assist construct bomb remind audienc flaw human qualiti difficult give follow heart fate world rest pragmat decis make sometim choic biopic christoph nolan film oppenheim exce virtual expect becom one best field film abl tackl subject matter much detail also remain entertain whole way guess sometim take one brave risktak filmmak prove realli possibl task need film like inspir thought creativ discus comfort know someon like nolan help keep mainstream tough job someon got u rate perfect,Positive,59
anyon el find movi hate say bore know know piec histori dont get wrong good movi idk go theater expect someth nolanesqu never came kind disappoint super excit go theater leav like yeah good buuuuttt guess expect someth like incept interstellar fiction get base true stori think everyon watch movi eye open wont ever endur pain hour movi experi one done movi respect oppenheim extrem good act boatload good actor also want say noth imax movi could go regular theater fine also emili blunt end scene amaz would go far say bore christoph nolan movi good movi let leav still give movi,Positive,60
align review found despit hype surround oppenheim fell short expect film prove tediou mani time drain watch like cinematographi beauti scene overwhelmingli loud background score drown dialogu made hard comprehend go movi also sever disjoint scene transit opinion lack charact develop loud background music ad confus make hard follow plot coher overal disappoint experi fail live hype,Neutral,61
busi career fill masterpiec christoph nolan final succeed creat perfect film fact oppenheim might best film watch long long time differ nolan recent film especi scifi one show nolan master biopicdrama genr well genr tri tackl yet person must admit unlik nolan previou film didnt go one overli high expect base genr materi film base couldnt see christoph nolan could give uniqu touch could stand alongsid film like dark knight trilog incept interstellar filmographi film prove wrong person top pick nolan filmographi undoubtedli best film far anyon read book american prometheu film base attest incred edit work nolan turn long detailpack narr compact film captiv wide audienc direct film le master consid strongest aspect film critic award bodi u worldwid opinion write actual strongest aspect film whether consid complex materi base legendari irish actor cillian murphi lead film one best perform seen big screen presenc domin screen time throughout film hour allow leav longlast mark histori cinema robert downey jr also give impress perform cap career decad role didnt demand much act prowess film hour long yet goe quickli enjoy without spoil anyth film present import relev subject nonstop entertain comprehens charact studi studi societi high pace way nolan chose compos film jennif lame amaz edit unusu resembl action film edit drama make film dynam extend length almost unnotic technic aspect also strive perfect whether costum set design cinematographi ludwig göransson work music aspect film particular master par nolan previou work im actual visit score daili basi cinematographi stun edit cut edg mention movi masterpiec pretti much technic front well watch film cant help feel collabor effort highli talent ensembl actor everi singl person respons everi small detail film product guidanc experienc artist hone craft career year feel like nolan previou film variou genr attempt tackl improv filmmak abil differ diver aspect ultim everyth converg film everi aspect strive absolut perfect deliv everyth weve come expect christoph nolan film without mention anyth specif one scene caus almost everi singl person theatr move nervous seat nonstop long period time one intens scene ever watch movi remind true power cinemat experi like movi recent year career fill masterpiec amaz film christoph nolan final manag craft perfect film great delight final receiv recognit deserv despit odd film manag captiv audienc disproportion amount genr prove studio audienc opinion alik true cinema alway prevail year halfway right top pick upcom award season pictur write direct act score oppenheim winner front rare feat filmmak salient remind cinema dead highli recommend film everyon watch alreadi go back theatr least time soon,Positive,62
may consid lucki aliv watch christoph nolan work get better year oppenheim doubt go one best movi histori amaz cinematographi except act terrifi soundtrack cast great cilian murphi go oscar role rupert downey jr emili blunt final ramus malik small scene never forget didnt watch imax couldnt wait ran nearest cinema sure book imax ticket dont wast time book ticket go watch,Neutral,63
movi wow dont think ever felt like watch movi like blend sad also scare read christoph nolan said kind theme horror watch movi think knew meant movi make feel quit like one nolan show expertli craftsman filmmak stand perhap one humbl movi also one greatest remind earlier movi cast also amaz cillian murphi deliv perform carrer oppenheim esenti becom pretti much secur oscar nomin best lead actor robert downey junior also give one best perform remind u despit year iron man still act soundtrack sound edit also masterful creat cinemat experi like overal esenti view experi histor event still remain relev day one favorit nolan movi,Neutral,64
must overr film year like everi typic american biograph movi glorifi subject accord nolan oppenheim import person ever live realli movi contain least hour uninterest courtroom drama far mani charact singl compel dialogu moral impact bomb continu music propel film result zero emot impact need excel act though occasion nice directori effect ridicul moment film sex oppenheim florenc pugh charact randomli select sentenc book sanskrit happen infam becom death destroy world quot,Neutral,65
vfx special effect take tradit filmmak method nolan among remain director still build grandios truetolif set reflect cinemat setpiec film instead digitis oppenheim thu culmin nolan cinemat geniu combin incred stori chang world way one incred intim divis onu justif put audienc instead narrat cast incred would expect screenplay flow natur breathtak score justifi draw parallel han zimmer profound work interstellar nolan balanc intimaci charact simultan juxtapos impact scene ever shown big screen movi runtim take time set piec final leav utterli spellbound sheer magnitud scale event transpir right front eye lastli want daili dosag immedi dopamin faster pace theatr instead experienc meticul guid journey could wait month yet anoth copi past fast furiou flick marvel movi laden green backdrop fanservic isnt film flick cinema,Neutral,66
stori present realli well eye oppenheim movi feel like flashback scene though look realli cool doesnt actual feel like someth would watch classic nolan style timelin run simultan atom bomb drop present feel like could handl better especi second half movi two main event movi bomb explos last act felt underwhelm actual bomb explos scene everyon wait intent underwhelm beyond belief nolan use cgi look like explos mani charact substori felt like someon compress entir tv seri hour long movi movi critic give good score owe incred style present audienc pure entertain point view,Positive,67
came theater watch oppenheim great experi know mani peopl critic movi histor accuraci absenc think christoph nolan made complic man stori compel engag simpl understand actor phenomen apart main lead robert downey probabl done one finest work express time deliveri everyth par cinematographi craft beauti ador enjoy whole three hour ea delight first attempt christoph nolan biographi think expect work genr sinc entertain also spark interest know histori read book earlier went watch littl bit knowledg still enjoy film wish could tell cillian murphi person stun screen presenc throughout hope movi win award like deserv,Neutral,68
movi interest thrill sinc movi action mostli documentari hour long though go bore hour went fast edg seat whole time movi like movi ever seen uniqu mind blow cinematographi beauti aesthet movi also beauti anyon interest histori war bomb would love movi think anyon would enjoy movi oppenheim one best movi seen decad,Neutral,69
nolan back deliv fast pace thrill biopic leav stunnedth cinematographi sound design score except everi act perform perfect cillian murphi robert downey jr stand nolan experi new style surrealist subject filmmak incred see season writer director he push envelop oppenheim challeng audienc like never nolan charact studi merg themat reson stori breathtak soundscap epic visual imax experi one must need stay focus film move quickli sharp snappi dialogu,Neutral,70
core oppenheim technic masterpiec haunt score ludwig göransson one film profound highlight score act charact build arc throughout film peak arguabl best moment bomb drop pair aggress bold sound design transport screen sound aspect make film truli remark fault incred act monument cast oppenheim murphi play oppenheim way enabl audienc feel graviti situat histor repercuss follow howev robert downey jr play lewi strauss arguabl best oppenheim cast bring downey jr perfectli portray slow spiral eventu downfal charact film shine shift psycholog element focus oppenheim impact action effect person scene small theatr give speech success bomb easili one film haunt gutwrench moment wish moment like film follow psycholog approach close engag level would higher make run time feel consider shorter howev third act portray oppenheim polit scapegoat done well see actor shine howev oppenheim flaw nonlinear timelin use abundantli nolan sometim struggl fastpac switch overload charact interview heavi dialogu constant time chang time make difficult follow polit aspect stori engag level first last act low make stori feel dull sluggish state script studi immens impact event oppenheim famili psycholog level would help meander polit stori flow smoothli ye threehour run time could definit cut least min summaris oppenheim technic masterpiec sound design soundtrack cinematographi act peak game portray polit impact creation atom bomb america world howev pace issu extend run time heavi polit agenda steer u away effect oppenheim provid problem otherwis strong film,Neutral,71
mayb expect slightli charact studi oppenheim tribul career polit rather truli scienc product bomb hope see nitti gritti bomb develop mayb footag use japan realli reinforc human toll destruct immens power weapon creat final act instead dramat closeup opp troubl face feel need visual war establish emot felt exceedingli anticlimact realli movi small backroom kangaroo court prosecut flatli bore soo unnecessarili long anoth review said could listen audio movi would virtual experi noth visual interest excit,Neutral,72
yeah got lost time movi continu switch time period difficult time understand dialogu loud soundtrack felt hour long excel act kept interest robert downi jr amaz sex scene complet unnecessari ad noth stori day wasnt graphic present like guess writer need smut keep time would never watch movi movi go theater see usual end watch later movi wont,Neutral,73
cillian murphi except lead role oscar worthyil say he abli support terrif ensembl cast great see jame remar film pose mani moralist question bomb repercuss oppenheim film work best especi never seen moment drop japan sound nightmarish look peopl face horrif howev hr tediou talki frankli rather bore sound good visual didnt need made imax better tenet nice see mum dad,Positive,74
christoph nolan stamp foot print cinema histori time great film he made build block lead conduct masterpiec oppenheim nolan finest work murphi deliv sublim perform reach threshold actor ever next year oscar statu put escrow cillian nolan three hour plutonium den geniusofphys magnum opu atom bomb spielberg shark beach seem christoph nolan turn tour de forc vapor competit fact scorses killer flower moon may threat rival best pictur howev may toughest act follow sinc einstein theori rel,Neutral,75
authent audiovisu journey era birth atom genesi terrifi astonish nonlinear storytel thank christoph nolan master approach direct screenplay pace movi simpli brilliant especi moment main theme ludwig göransson kick futur classic leav indiffer immers homer biographi notori scientist j robert oppenheim definit artist contribut histori art audiovisu medium depict extraordinarili import event human present day,Positive,76
master craftsman christoph nolan probabl best blockbust director along ridley scott return good old fashion nocgi drama tension come word spoken peopl react chase shootout death defi stunt explos wait actual one explos dont know made scene without cgi technic achiev sure shot mm imax beauti film lead cast season actor terrif job gripe tad long final act couldshould trim still best movi seen year strongli recommend watch imax screen taken month,Positive,77
neat biopic life stori complex robert oppenheim origin back forth filmmak style though still like interstellar better think christoph nolan best work date cast great even short screen time import charact show play huge star casey affleck gari oldman score good enough even though still think han zimmer one major key nolan movi good batman incept interstellar etc end power like nolan dark knight incept interstellar highlight movi,Positive,78
film look great brilliantli act there virtual actual plot constantli jump back forward evey coupl minut there unfeas loud music tri build tension jazz documentari film pain three hour long hold attent entr way could easili forti minut hour le playtim good bit great whole film dull drag ive seen absolut desir ever see im baffl everyon say masterpiec suppos like long panoram shot overbear music great want decent stori give miss,Positive,79
christoph nolan movi would even notic hard understand also movi would need seen imax theatr probabl mainli subject matter felt bore predict void intric storytel uniqu come like nolan movi one get impress movi get attent histori maker merit perform hype definit done one decent act especi downey jr damon,Positive,80
overambitieu movi mani stori tell manag tell stori realli well truli dont understand high rate bore death last hour whole overextend communist drama also littl charact build instead viewer thrown scene scene first nineti minut movi doesnt allow draw along scene surfac level make mani scene shallow felt like sit church littl boy want leav couldnt feel mental rape,Neutral,81
nolan best film biograph style hope someth like nolan incept rememb decad said great physicist use film work precis serious particl direct object cgi special effect use movi said excit peopl anyway year movi go better doubt im realli look forward would great becam best film year best director nomine nolan amaz love much,Neutral,82
got oppenheim start worri oppenheim seen trailer everi time gone cinema usual happen movi aw tank christoph nolan done mission imposs dead reckon may second favourit movi year ill need see make surw cillian murphi brilliant realli made feel oppenheim isnt realli likeabl lead charact charact sure best actor oscar nomin immin robert downey jr amaz deliv best support actor nomin perform admittedli im bias alway fan fan bia take eye screen play particularli likeabl man matt damon jason clark alden ehrenreich emili blunt florenc pugh josh harnett great toni goldwyn kenneth branagh kid play green goblin andrew garfield spiderman movi name annoyingli escap ramus malek great dont much screen time realli enjoy score first time nolan movi problem hear dialogu realli wont everyon dialogu heavi slow burn feel hr run time lot peopl run toilet need seen defo didnt take everyth remind oliv stone jfk love,Positive,83
immedi taken cillian murphi entranc oppenheim serious proceed christoph nolan alreadi proven director age actor bend backward work even small one scene part matthew modin casey affleck remi malek instanc cillian murphi envelop entir journey kind truth make whole thing utterli compel ive love cillian murphi sinc miracul breakfast pluto extraordinari extraordinari visual film marvel without ever fall effectsfest superb,Neutral,84
movi experi direct cinematographi music take away perform main actor oscar worthi movi defi expect cillian murphi definit oscar number contend understand may everi person cup tea peopl serious go movi expect fun time tho movi speak probabl world biggest catastroph ever convers heavi bear world live choic human govern make everi day cant wait see barbi next,Neutral,85
cinemat geniu christoph nolan undoubtedli one finest star film industri uniqu talent boundless creativ craft new cinemat icon oppenheim undoubtedli immort world cinema stand among greatest work ever seen realm cinema nolan deliv icon masterpiec nolan present except cinemat work skill blend breathtak narr innov techniqu doesnt settl mere produc film instead creat artist creation touch heart dazzl mind immers u realiti open new gateway imagin magnific work send messag world cinema entertain form artist express medium convey idea emot mesmer innov manner master direct inspir screenplay inspir million deepli impact without doubt nolan creation remain timeless magnific work continu influenc futur gener thousand year hasnt made film built artist legaci never forgotten achiev perfect balanc entertain artist excel forev cinema rememb geniu transform movi stage beauti artist express captiv enchant u uniqu charm hat prodigi christoph nolan remain symbol creativ distinct world cinema thousand year come appli oppenheim film reflect christoph art work,Neutral,86
god absolut mess peopl say need pay attent brain fulli switch doesnt make intellig film make overcompl nightmar nolan movi gone far downhil sinc dunkirk mess timelin need entireti everi film work well major incept climax dark knight part interstellar nolan desper need write partner tell film wouldv much stronger le minut chatter bomb test minut le test absolut love long bore movi im freak malick reichardt wouldv left wasnt friend nolan difficult time direct anyth slightli comfort zone scene florenc pugh chair interview overdramt yell emili blunt bite fist cring amount quick cut dramat music abl convinc entertain,Neutral,87
nolan made tell stori complic possibl could way made stori mccarthi inquisit told stori manhattan project via sequenc flashback overdramatis moment actor express pithi clich turn stori biggest appli rd project histori develop appli atom scienc individu cult person bureaucrat conspiraci stori tune struggl believ found sort broad audienc nice suit great light overbear music long tedious implaus dramatis tell signific histori,Neutral,88
first dialogu actual audibl quit clear happi mend comparison nolan last outing tenet secondli captiv stori told even captiv way act perhap best year far oscar nomin galor saw digit imax screen pristin filmi sound cinematographi score stand out thing film would even better mini seri run time intens dialogu intrigu quit drain viewer dutchman notic oppenheim speak dutch film sound like irishman tri speak german half point deduct nolan best like bellow smoke nuclear explos let go jame bond next nolan,Neutral,89
oppenheim christoph nolan film delv deep consequ atom bomb focus oppenheim perspect film requir genuin passion physic histori fulli appreci subtleti biograph content imageri variou explos accompani care orchestr music sound effect creat intens visual auditori experi time even evok feel tension stress enhanc viewer immers stori perform actor remark especi cillian murphi brilliant portray oppenheim captiv nuanc interpret bring complex charact life matt damon role gener grove deliv solid convinc presenc film skill explor differ tempor tone offer nonlinear narr add addit depth stori smooth transit color blackandwhit sequenc add artist symbol dimens overal experi aesthet choic enhanc emot impact narr clearli distinguish differ era event worth note fulli appreci film prior interest histori atom bomb well oppenheim life work necessari durat three hour film may seem lengthi invest specif subject stori divid three distinct part first two close interconnect first part focus oppenheim train physicist highlight interact heisenberg emin scientist time second part center around creation atom bomb test conduct lo alamo scientif challeng face team final part film focus oppenheim hear certain highrank offici enviou accomplish attempt discredit present spi work soviet overal oppenheim film delv deep histori atom bomb offer remark perform impress visual complex storytel immers cinemat experi reveal moral scientif histor aspect pivot event histori special mention goe fantast gari oldman complet unrecogniz role presid truman,Positive,90
wait year seven month final watch oppenheim total worth everi second anticip cinematographi oppenheim visual masterpiec frame meticul craft immers audienc world stori way scene shot use light color contribut film captiv atmospher chronolog timelin movi true work art nolan seamless transit differ period histori keep narr engag also provid deeper understand charact histor event surround brilliant storytel techniqu keep hook start finish,Positive,91
review oppenheim rate ten plu cinema movi repres last one hundr year exist planet place time capsul open year time chanc planet still exist oppenheim truli astonish achiev cinema storytel cover wide arc world event person play pivot role th centuri affect u today mani still respons fear instabl around globe oppenheim written direct christoph nolan chill disturb engross movi sit hour enlighten found shakespearian portray human folli pursuit power corrupt jealousi lie spread like cancer undermin reput detest charact like hitler j edgar hoover senat joseph mccarthi mussolini mention establish timelin name dont appear oppenheim howev influenc consequ tyranni obviou examin life juliu robert oppenheim studi physic germani return america eventu recruit work manhattan project oppenheim appoint director manhattan project situat desert new mexico lo alamo laboratori town specif built one purpos personnel lo alamo oppenheim task develop first nuclear weapon four year start german nuclear weapon program second half oppenheim found compel inventor destruct forc ever unleash planet sidelin vilifi terribl deliber destruct bomb hiroshima nagasaki japan end one war know today noth end war volatil planet oppenheim quot appear begin movi becom death destroy world sum suspicion guilt fear destruct two citi nagasaki hiroshima presid harri truman chose destroy glibli comment would spare kyoto beauti citi wife share wonder honeymoon event oppenheim vilifi investig communist witch hunt mani ego driven power adversari summon testifi hear prove he traitor perform oppenheim stun cast includ cillian murphi emili blunt robert downey jr matt damon kenneth branagh tom conti josh harnett florenc pugh ramus malek casey afffleck four standout perform irish actor cillian murphi titl role j robert oppenheim truli oscar worthi perform impress quiet complex scientist whose problemat wife kitti play emili blunt one finest perform moment movi also earn oscar nomin standout robert downey jr lewi strauss vindict complic associ oppenheim betray friend sake ambit look movi also impress especi huge screen like local gmax interestingli oppenheim first ever imax film partial shot mm black white celluloid kodak develop first ever film stock imax process order black white footag look qualiti rest movi sum say oppenheim finest interest biographi movi ive seen cinema mani year congratul christoph nolan think greatest movi yet,Neutral,92
gener overview movi great pace somewhat longer side rise fall tension along back forth case event allow viewer feel constantli involv act well done mani part sound effect score genuin enhanc feel scene brine viewer edg seat back small neg side person would like see visual incorpor explan develop phsyic scienc use film wonder movi worth watch,Neutral,93
nolan good construct complic time event good tell biopic first half movi need long built introduc mani charcter import stori heisenberg jean tatlock could cut half hour easili speed thing second thing let focu stori main struggl build atom bomb moral desast kill peopl film clearli stick argument without bomb japanes hadnt capitul minor dream scene oppenheim step ash one singl victim instead main concern stori oppenheim reput wether close relationship communist parti anoth film mccarthi era best good night good luck told better stori era navel show usa witch hunt communist world war distract real import question wether usgovern becam monster hunt nazi monster word sorri drop two atom bomb obama trump biden visit hiroshima g june nolan movi stick strictli view oppenheim u militari never switch japanes view could much miss opportun nolan second worst movi insomnia,Positive,94
oppenheim film direct christoph nolan star cillian murphi christoph nolan oppenheim cinemat masterpiec delv deep one crucial period historyth creation atom bomb world war ii unparallel vision storytel prowess nolan take audienc immers journey bring life complex moral dilemma face j robert oppenheim brilliantli portray talent cillian murphi film attent histor accuraci meticul recreat era aweinspir nolan direct grip ever creat sen tension urgenc keep viewer edg seat throughout movi use practic effect stun visual add unparallel level realism transport audienc back time cillian murphi perform oppenheim noth short remark effortlessli captur inner turmoil scientist torn loyalti countri ethic implic develop devast weapon murphi abil convey complex emot nuanc express dialogu make perfect choic role nolan signatur nonlinear storytel add anoth layer intrigu narr unfold oppenheim life nonchronolog manner reveal key event shape charact film score compos han zimmer complement storytel beauti enhanc emot impact everi scene oppenheim thoughtprovok film goe beyond histor context address broader philosoph theme human condit respons scientist face unpreced power challeng audienc reflect consequ scientif advanc choic individu make critic moment histori conclus oppenheim extraordinari cinemat achiev combin christoph nolan directori brillianc cillian murphi captiv perform compel histor narr film undoubtedli leav last impress viewer solidifi place one greatest achiev modern cinema,Positive,95
went adult kid reaction movi expect morn view watch news say best movi year perfect movi must see imax none close true inform movi oppenheim person life lot insid stori make bomb scienc behind mostli drama whether communist affili imax complet useless great action scene great sound music im sorri dont understand whatev happen mean perfect,Neutral,96
regist disappoint see film disbelief mani enthusiast review terribl film mind definit nolan interstellar standard emphat act bombast soundtrack abus trivial special effect everyth seem top blatant exagger overload pretenti decidedli lack fine nolan accustom u remind spielberg indigest fabelman anoth huge problem charact came across stereotyp particularli member committe way oppenheim suppos moral dilemma portray naiv protagonist facial express much convey inner struggl like nolan film one also long becom problem stori develop lack compel inspir interstellar incept especi dark knight film drag hour predict bore way much viewer show sign relief film final end among overal unremark major disappoint,Neutral,97
best cinemat movi oscar nomin oppenheim could one best biograph movi ever exist lot heavi convers man leav strong impress compel made speechless starstud cast noth truli truli deliv charact perfectli especi cillian damn brilliant perform truli wish could watch imax mm way origin film three hour long highli recommend guy watch oppenheim best theatr could find citi ye gonna bore your accompani friend without actual intend invest time,Positive,98
pretti long film doubt expect told cast director christoph nolan interview audienc would abl experi destruct power atom bomb like see explos nuclear reactor visual show hbo chernobyl disappoint noth shown visual couldnt connect guilt oppenheim said feel blood hand nevertheless fulfil documentari j robert oppenheim depict film dont expect anyth,Neutral,99
